rank,gk_sp_id,player_name,season_id,season_name,grade,matches,saves,goals,save_pct
1,848210257,에데르송,848,WS (Winning Streak),11,256,979,520,0.6531
2,856220901,다비드 라야,856,25 UCL (25 UEFA Champions League),9,81,299,159,0.6528
3,848000488,올리버 칸,848,WS (Winning Streak),8,67,240,129,0.6504
4,848000488,올리버 칸,848,WS (Winning Streak),9,51,174,97,0.6421
5,856228789,로베르트 산체스,856,25 UCL (25 UEFA Champions League),11,52,188,113,0.6246
6,274005479,카시야스,274,RMCF (Real Madrid Ambassador),11,51,260,159,0.6205
7,855167495,마누엘 노이어,855,26 TOTY-N (26 Team Of The Nominated),8,192,675,415,0.6193
8,845233267,매트 터너,845,CH (Continental Heroes),10,134,517,320,0.6177
9,853212432,조현우,853,25KB (25 K-League Best),10,108,406,253,0.6161
10,836167948,위고 요리스,836,WB (Wonderboys),9,76,250,156,0.6158
11,840193080,데헤아,840,LE (Legend of Europa),9,65,198,124,0.6149
12,256005479,카시야스,256,BTB (Back to Back),10,117,375,242,0.6078
13,289167948,위고 요리스,289,CC (CenturyClub),8,56,162,105,0.6067
14,851204935,조던 픽포드,851,25DP (25 Devoted Player),9,71,203,132,0.6060
15,840226753,앙드레 오나나,840,LE (Legend of Europa),9,81,272,177,0.6058
16,252190053,페터 슈마이켈,252,CAP (Captain),10,50,236,154,0.6051
17,866230621,잔루이지 돈나룸마,866,26 TOTS (26 Team Of The Season),8,63,188,123,0.6045
18,802200389,얀 오블라크,802,DC (Decade),10,97,298,196,0.6032
19,234180739,가와시마 에이지,234,LH (Loyal Heroes),12,59,190,126,0.6013
20,853232065,김동준,853,25KB (25 K-League Best),9,56,184,123,0.5993
21,805212432,조현우,805,23KB (23 K-League Best),8,50,165,111,0.5978
22,866215698,마이크 메냥,866,26 TOTS (26 Team Of The Season),8,71,239,161,0.5975
23,802192448,M. 테어슈테겐,802,DC (Decade),10,58,185,125,0.5968
24,252167495,마누엘 노이어,252,CAP (Captain),9,92,264,179,0.5959
25,829199987,야스퍼르 실러선,829,GRU (Greatest Runner-Ups),9,78,255,173,0.5958
26,274005479,카시야스,274,RMCF (Real Madrid Ambassador),10,95,380,258,0.5956
27,852192448,M. 테어슈테겐,852,FAC (Football Association Champions),8,224,755,516,0.5940
28,845242179,야이아 포파나,845,CH (Continental Heroes),9,76,231,159,0.5923
29,851220901,다비드 라야,851,25DP (25 Devoted Player),8,638,1944,1344,0.5912
30,829192448,M. 테어슈테겐,829,GRU (Greatest Runner-Ups),8,202,652,451,0.5911
31,851230872,밀레 스빌라르,851,25DP (25 Devoted Player),8,435,1348,937,0.5899
32,856250753,A. 트루빈,856,25 UCL (25 UEFA Champions League),10,53,151,105,0.5898
33,855200389,얀 오블라크,855,26 TOTY-N (26 Team Of The Nominated),8,70,196,137,0.5886
34,856220901,다비드 라야,856,25 UCL (25 UEFA Champions League),8,239,677,474,0.5882
35,829190053,페터 슈마이켈,829,GRU (Greatest Runner-Ups),9,82,339,238,0.5875
36,289005479,카시야스,289,CC (CenturyClub),9,68,195,139,0.5838
37,848210257,에데르송,848,WS (Winning Streak),8,105,329,235,0.5833
38,836001179,잔루이지 부폰,836,WB (Wonderboys),8,180,566,405,0.5829
39,802167948,위고 요리스,802,DC (Decade),9,115,393,282,0.5822
40,101000488,올리버 칸,101,ICON (ICON),8,131,453,327,0.5808
41,863193698,올리버 바우만,863,PTG (Path to Glory),8,64,195,141,0.5804
42,829192119,티보 쿠르투아,829,GRU (Greatest Runner-Ups),9,52,167,121,0.5799
43,844233306,딘 헨더슨,844,25 TOTS (25 Team Of The Season),8,71,178,129,0.5798
44,814194404,네투,814,UT (Unexpected Transfer),9,74,220,160,0.5789
45,845212831,알리송,845,CH (Continental Heroes),9,57,207,151,0.5782
46,840200389,얀 오블라크,840,LE (Legend of Europa),8,224,713,521,0.5778
47,283211101,루벤 블랑코,283,HG (Home Grown),9,147,404,298,0.5755
48,216234642,에두아르 멘디,216,HOT (Heroes Of the Team),11,64,183,135,0.5755
49,826200389,얀 오블라크,826,24EP (2024 Energetic Player),8,85,244,180,0.5755
50,101048940,페트르 체흐,101,ICON (ICON),9,146,406,300,0.5751
51,802051539,에드윈 반데르사르,802,DC (Decade),10,114,345,255,0.5750
52,265228413,에밀 아우데로,265,LOL (LEGEND OF THE LOAN),8,53,155,115,0.5741
53,291192984,쿤 카스테일스,291,23HW (23 Hard Worker),11,56,185,138,0.5728
54,855192119,티보 쿠르투아,855,26 TOTY-N (26 Team Of The Nominated),8,282,911,682,0.5719
55,517200389,얀 오블라크,517,25 PL (25 Premium Live),9,77,215,161,0.5718
56,101000488,올리버 칸,101,ICON (ICON),9,136,420,315,0.5714
57,289193041,케일러 나바스,289,CC (CenturyClub),8,87,248,186,0.5714
58,863241671,D. 리바코비치,863,PTG (Path to Glory),8,73,237,178,0.5711
59,848167948,위고 요리스,848,WS (Winning Streak),8,612,1816,1368,0.5704
60,834202811,에미 마르티네스,834,24 UCL (24 UEFA Champions League),8,138,442,333,0.5703
61,825234642,에두아르 멘디,825,CU (Champions of Europe),8,71,211,159,0.5703
62,856259532,주안 가르시아,856,25 UCL (25 UEFA Champions League),9,70,196,148,0.5698
63,848200389,얀 오블라크,848,WS (Winning Streak),8,59,179,136,0.5683
64,829199987,야스퍼르 실러선,829,GRU (Greatest Runner-Ups),8,102,304,231,0.5682
65,517252154,M. 카르네세키,517,25 PL (25 Premium Live),8,71,213,162,0.5680
66,863210257,에데르송,863,PTG (Path to Glory),9,97,310,236,0.5678
67,829199987,야스퍼르 실러선,829,GRU (Greatest Runner-Ups),11,292,793,605,0.5672
68,256167495,마누엘 노이어,256,BTB (Back to Back),10,78,224,171,0.5671
69,834177683,얀 조머,834,24 UCL (24 UEFA Champions League),8,282,904,691,0.5668
70,856235840,M. 디 그레고리오,856,25 UCL (25 UEFA Champions League),8,136,382,293,0.5659
71,863255981,Z. 스즈키,863,PTG (Path to Glory),10,71,258,198,0.5658
72,863192119,티보 쿠르투아,863,PTG (Path to Glory),8,101,323,248,0.5657
73,832235073,그레고르 코벨,832,25 TOTY-N (25 Team Of The Nominated),10,172,559,430,0.5652
74,840193080,데헤아,840,LE (Legend of Europa),8,343,1002,771,0.5651
75,802167495,마누엘 노이어,802,DC (Decade),9,99,302,233,0.5645
76,802167948,위고 요리스,802,DC (Decade),10,75,215,166,0.5643
77,856230621,잔루이지 돈나룸마,856,25 UCL (25 UEFA Champions League),9,51,170,132,0.5629
78,845230869,우나이 시몬,845,CH (Continental Heroes),8,217,551,428,0.5628
79,834192119,티보 쿠르투아,834,24 UCL (24 UEFA Champions League),8,1006,2955,2297,0.5626
80,814223885,알렉산더 뉘벨,814,UT (Unexpected Transfer),9,90,234,182,0.5625
81,101005479,카시야스,101,ICON (ICON),8,258,799,622,0.5623
82,851220901,다비드 라야,851,25DP (25 Devoted Player),11,120,329,257,0.5614
83,840226753,앙드레 오나나,840,LE (Legend of Europa),8,100,311,243,0.5614
84,853210941,이창근,853,25KB (25 K-League Best),8,216,646,505,0.5613
85,829001179,잔루이지 부폰,829,GRU (Greatest Runner-Ups),8,55,165,129,0.5612
86,848167495,마누엘 노이어,848,WS (Winning Streak),8,200,594,465,0.5609
87,863235073,그레고르 코벨,863,PTG (Path to Glory),8,564,1725,1355,0.5601
88,829167495,마누엘 노이어,829,GRU (Greatest Runner-Ups),8,58,159,125,0.5599
89,836005479,카시야스,836,WB (Wonderboys),11,64,192,151,0.5598
90,836167948,위고 요리스,836,WB (Wonderboys),8,412,1259,991,0.5596
91,216167948,위고 요리스,216,HOT (Heroes Of the Team),8,100,296,233,0.5595
92,207210257,에데르송,207,TT (Top Transfer),11,135,375,296,0.5589
93,806212432,조현우,806,23 KFA (23 KFA),11,160,451,356,0.5589
94,863234577,디오구 코스타,863,PTG (Path to Glory),8,798,2431,1921,0.5586
95,845199005,매튜 라이언,845,CH (Continental Heroes),8,50,158,125,0.5583
96,802048940,페트르 체흐,802,DC (Decade),10,88,264,209,0.5581
97,846202811,에미 마르티네스,846,DCB (Dramatic Comebacks),8,436,1268,1005,0.5579
98,846212831,알리송,846,DCB (Dramatic Comebacks),8,925,2611,2070,0.5578
99,518252659,김동헌,518,26KLeague (26KLeague),8,151,437,347,0.5574
100,291193698,올리버 바우만,291,23HW (23 Hard Worker),11,67,200,159,0.5571
101,852200159,S. 오르테가,852,FAC (Football Association Champions),8,205,567,451,0.5570
102,828192119,티보 쿠르투아,828,BLD (Best Legends),9,97,250,199,0.5568
103,825051539,에드윈 반데르사르,825,CU (Champions of Europe),9,233,634,505,0.5566
104,818167495,마누엘 노이어,818,LD (Last Dance),8,407,1123,895,0.5565
105,825192448,M. 테어슈테겐,825,CU (Champions of Europe),8,462,1374,1096,0.5563
106,280167948,위고 요리스,280,22 UCL (22 UEFA Champions League),8,93,294,235,0.5558
107,856210385,후이 실바,856,25 UCL (25 UEFA Champions League),8,166,499,399,0.5557
108,289167948,위고 요리스,289,CC (CenturyClub),10,52,160,128,0.5556
109,280206585,케파,280,22 UCL (22 UEFA Champions League),8,131,377,302,0.5552
110,863209981,야신 부누,863,PTG (Path to Glory),8,125,332,266,0.5552
111,829226753,앙드레 오나나,829,GRU (Greatest Runner-Ups),8,136,365,293,0.5547
112,834220901,다비드 라야,834,24 UCL (24 UEFA Champions League),8,1013,2960,2378,0.5545
113,853212432,조현우,853,25KB (25 K-League Best),9,230,658,529,0.5543
114,216200389,얀 오블라크,216,HOT (Heroes Of the Team),8,196,526,423,0.5543
115,856203841,닉 포프,856,25 UCL (25 UEFA Champions League),8,477,1276,1028,0.5538
116,825192119,티보 쿠르투아,825,CU (Champions of Europe),9,63,196,158,0.5537
117,856177683,얀 조머,856,25 UCL (25 UEFA Champions League),8,151,461,372,0.5534
118,834215698,마이크 메냥,834,24 UCL (24 UEFA Champions League),8,362,1012,817,0.5533
119,862212432,조현우,862,KHD (Korea Heroes Debut),9,353,987,797,0.5533
120,826205186,파울로 가사니가,826,24EP (2024 Energetic Player),9,143,414,335,0.5527
121,829212831,알리송,829,GRU (Greatest Runner-Ups),9,77,210,170,0.5526
122,852186153,보이치에흐 슈체스니,852,FAC (Football Association Champions),8,278,830,672,0.5526
123,863192119,티보 쿠르투아,863,PTG (Path to Glory),10,51,148,120,0.5522
124,829190053,페터 슈마이켈,829,GRU (Greatest Runner-Ups),8,67,196,159,0.5521
125,101005479,카시야스,101,ICON (ICON),9,96,366,297,0.5520
126,834235840,M. 디 그레고리오,834,24 UCL (24 UEFA Champions League),8,120,309,251,0.5518
127,864019580,이운재,864,TK (Team Korea),8,79,236,192,0.5514
128,101238380,레프 야신,101,ICON (ICON),8,236,698,569,0.5509
129,802005479,카시야스,802,DC (Decade),10,135,424,346,0.5506
130,256005479,카시야스,256,BTB (Back to Back),9,152,457,373,0.5506
131,825210257,에데르송,825,CU (Champions of Europe),8,517,1439,1175,0.5505
132,863240311,루카 지단,863,PTG (Path to Glory),8,68,192,157,0.5501
133,848225116,알렉스 메레트,848,WS (Winning Streak),8,381,1063,870,0.5499
134,862212432,조현우,862,KHD (Korea Heroes Debut),8,11108,32855,26924,0.5496
135,840215316,헤로니모 룰리,840,LE (Legend of Europa),8,174,499,409,0.5496
136,851204935,조던 픽포드,851,25DP (25 Devoted Player),8,995,2763,2265,0.5495
137,863255981,Z. 스즈키,863,PTG (Path to Glory),9,101,347,285,0.5491
138,848167948,위고 요리스,848,WS (Winning Streak),9,154,398,327,0.5490
139,835016254,팀 하워드,835,25HR (25 Heroes),8,51,158,130,0.5486
140,517192563,베른트 레노,517,25 PL (25 Premium Live),8,74,199,164,0.5482
141,268005479,카시야스,268,LN (LEGENDARY NUMBERS),8,197,603,497,0.5482
142,829005479,카시야스,829,GRU (Greatest Runner-Ups),8,63,177,146,0.5480
143,289176550,다비드 오스피나,289,CC (CenturyClub),8,94,263,217,0.5479
144,206200389,얀 오블라크,206,TB (Tournament Best),13,341,928,766,0.5478
145,853238570,송범근,853,25KB (25 K-League Best),8,943,2719,2245,0.5477
146,834223686,T. 벨렌로이더,834,24 UCL (24 UEFA Champions League),8,51,155,128,0.5477
147,848192119,티보 쿠르투아,848,WS (Winning Streak),8,463,1452,1201,0.5473
148,863242179,야이아 포파나,863,PTG (Path to Glory),8,497,1366,1130,0.5473
149,828167948,위고 요리스,828,BLD (Best Legends),9,113,330,273,0.5473
150,825212831,알리송,825,CU (Champions of Europe),8,588,1691,1400,0.5471
151,863226300,우르칸 차키르,863,PTG (Path to Glory),8,150,413,342,0.5470
152,853233286,황인재,853,25KB (25 K-League Best),8,134,392,325,0.5467
153,863210257,에데르송,863,PTG (Path to Glory),8,136,393,326,0.5466
154,834230621,잔루이지 돈나룸마,834,24 UCL (24 UEFA Champions League),9,245,735,610,0.5465
155,863212831,알리송,863,PTG (Path to Glory),8,446,1253,1041,0.5462
156,863185427,외리안 뉠란,863,PTG (Path to Glory),8,319,887,737,0.5462
157,826204935,조던 픽포드,826,24EP (2024 Energetic Player),9,108,302,251,0.5461
158,201005479,카시야스,201,NHD (National Hero Debut),13,64,172,143,0.5460
159,848190941,L. 흐라데츠키,848,WS (Winning Streak),8,370,1027,855,0.5457
160,846212831,알리송,846,DCB (Dramatic Comebacks),9,91,299,249,0.5456
161,826193698,올리버 바우만,826,24EP (2024 Energetic Player),9,66,162,135,0.5455
162,829220901,다비드 라야,829,GRU (Greatest Runner-Ups),8,446,1230,1026,0.5452
163,828167495,마누엘 노이어,828,BLD (Best Legends),10,168,495,413,0.5452
164,252167948,위고 요리스,252,CAP (Captain),9,121,339,283,0.5450
165,836005479,카시야스,836,WB (Wonderboys),8,306,842,703,0.5450
166,802200389,얀 오블라크,802,DC (Decade),8,63,188,157,0.5449
167,225019580,이운재,225,TKL (TEAM K LEAGUE),8,55,188,157,0.5449
168,840173373,세르히오 로메로,840,LE (Legend of Europa),10,53,152,127,0.5448
169,826193698,올리버 바우만,826,24EP (2024 Energetic Player),8,81,225,188,0.5448
170,846044897,예지 두덱,846,DCB (Dramatic Comebacks),8,91,298,249,0.5448
171,856230621,잔루이지 돈나룸마,856,25 UCL (25 UEFA Champions League),8,122,361,302,0.5445
172,252167495,마누엘 노이어,252,CAP (Captain),10,53,147,123,0.5444
173,829204883,브라이스 삼바,829,GRU (Greatest Runner-Ups),9,64,172,144,0.5443
174,851230872,밀레 스빌라르,851,25DP (25 Devoted Player),9,68,203,170,0.5442
175,283200316,티모 호른,283,HG (Home Grown),10,69,179,150,0.5441
176,845233267,매트 터너,845,CH (Continental Heroes),8,571,1668,1399,0.5439
177,289190053,페터 슈마이켈,289,CC (CenturyClub),8,73,236,198,0.5438
178,802167495,마누엘 노이어,802,DC (Decade),10,159,449,377,0.5436
179,291220901,다비드 라야,291,23HW (23 Hard Worker),9,222,632,531,0.5434
180,852223885,알렉산더 뉘벨,852,FAC (Football Association Champions),9,90,245,206,0.5432
181,856192119,티보 쿠르투아,856,25 UCL (25 UEFA Champions League),8,568,1572,1325,0.5426
182,283167495,마누엘 노이어,283,HG (Home Grown),8,291,906,764,0.5425
183,265186153,보이치에흐 슈체스니,265,LOL (LEGEND OF THE LOAN),9,147,429,362,0.5424
184,802167495,마누엘 노이어,802,DC (Decade),8,310,891,752,0.5423
185,283167495,마누엘 노이어,283,HG (Home Grown),10,68,213,180,0.5420
186,515214979,후안 무소,515,24 PL (24 Premium Live),8,51,149,126,0.5418
187,830228130,오승훈,830,24KB (24 K-League Best),8,195,565,478,0.5417
188,848212831,알리송,848,WS (Winning Streak),8,64,170,144,0.5414
189,270215223,왈테르 베니테스,270,SPL (Spotlight),9,132,388,329,0.5411
190,802051539,에드윈 반데르사르,802,DC (Decade),8,222,646,548,0.5410
191,274005479,카시야스,274,RMCF (Real Madrid Ambassador),8,81,252,214,0.5408
192,856240091,G. 비카리오,856,25 UCL (25 UEFA Champions League),9,313,811,689,0.5407
193,517192563,베른트 레노,517,25 PL (25 Premium Live),9,55,147,125,0.5404
194,257238570,송범근,257,21KB (21 K-League Best),12,170,535,455,0.5404
195,283224251,로빈 첸트너,283,HG (Home Grown),11,196,535,455,0.5404
196,517199641,마츠 셀스,517,25 PL (25 Premium Live),8,106,317,270,0.5400
197,856262621,G. 마마르다슈빌리,856,25 UCL (25 UEFA Champions League),8,63,169,144,0.5399
198,863215698,마이크 메냥,863,PTG (Path to Glory),8,758,2120,1808,0.5397
199,237193105,알퐁스 아레올라,237,MC (Multi-League Champions),9,81,219,187,0.5394
200,256210257,에데르송,256,BTB (Back to Back),8,1176,3219,2749,0.5394
201,845242179,야이아 포파나,845,CH (Continental Heroes),8,411,1144,977,0.5394
202,283199482,안토니 로페스,283,HG (Home Grown),8,107,322,275,0.5394
203,856240091,G. 비카리오,856,25 UCL (25 UEFA Champions League),8,674,1905,1629,0.5390
204,863202811,에미 마르티네스,863,PTG (Path to Glory),8,455,1326,1134,0.5390
205,834210257,에데르송,834,24 UCL (24 UEFA Champions League),8,605,1618,1384,0.5390
206,852001179,잔루이지 부폰,852,FAC (Football Association Champions),8,94,264,226,0.5388
207,846192119,티보 쿠르투아,846,DCB (Dramatic Comebacks),8,275,766,656,0.5387
208,242210257,에데르송,242,20 UCL (20 UEFA Champions League),8,59,147,126,0.5385
209,210193080,데헤아,210,GR (Golden Rookies),8,129,373,320,0.5382
210,848252154,M. 카르네세키,848,WS (Winning Streak),8,120,338,290,0.5382
211,517220901,다비드 라야,517,25 PL (25 Premium Live),8,189,501,430,0.5381
212,853232065,김동준,853,25KB (25 K-League Best),8,224,623,535,0.5380
213,517228383,카밀 그라바라,517,25 PL (25 Premium Live),9,139,419,360,0.5379
214,270221087,파우 로페스,270,SPL (Spotlight),9,58,165,142,0.5375
215,517210676,W. 팔코네,517,25 PL (25 Premium Live),11,54,144,124,0.5373
216,826210676,W. 팔코네,826,24EP (2024 Energetic Player),9,60,145,125,0.5370
217,848225116,알렉스 메레트,848,WS (Winning Streak),9,131,341,294,0.5370
218,862212432,조현우,862,KHD (Korea Heroes Debut),10,106,305,263,0.5370
219,802005479,카시야스,802,DC (Decade),8,130,314,271,0.5368
220,283170597,팀 크룰,283,HG (Home Grown),9,96,265,229,0.5364
221,856235840,M. 디 그레고리오,856,25 UCL (25 UEFA Champions League),9,134,383,331,0.5364
222,268048940,페트르 체흐,268,LN (LEGENDARY NUMBERS),11,106,273,236,0.5363
223,291220901,다비드 라야,291,23HW (23 Hard Worker),8,442,1285,1111,0.5363
224,834230621,잔루이지 돈나룸마,834,24 UCL (24 UEFA Champions League),8,1965,5560,4808,0.5363
225,853212432,조현우,853,25KB (25 K-League Best),8,1366,3842,3328,0.5358
226,863230869,우나이 시몬,863,PTG (Path to Glory),8,197,548,475,0.5357
227,852223885,알렉산더 뉘벨,852,FAC (Football Association Champions),8,291,753,653,0.5356
228,513215698,마이크 메냥,513,23 PL (23 Premium Live),8,120,295,256,0.5354
229,863258498,B. 베르브뤼헌,863,PTG (Path to Glory),8,262,730,634,0.5352
230,834230621,잔루이지 돈나룸마,834,24 UCL (24 UEFA Champions League),11,128,375,326,0.5350
231,846193080,데헤아,846,DCB (Dramatic Comebacks),9,56,162,141,0.5347
232,291211738,마르크 플레컨,291,23HW (23 Hard Worker),8,260,651,567,0.5345
233,101001179,잔루이지 부폰,101,ICON (ICON),8,652,1969,1715,0.5345
234,863255981,Z. 스즈키,863,PTG (Path to Glory),8,589,1597,1391,0.5345
235,201167495,마누엘 노이어,201,NHD (National Hero Debut),13,61,163,142,0.5344
236,856259532,주안 가르시아,856,25 UCL (25 UEFA Champions League),8,548,1453,1266,0.5344
237,840192119,티보 쿠르투아,840,LE (Legend of Europa),8,342,986,860,0.5341
238,283199482,안토니 로페스,283,HG (Home Grown),11,113,298,260,0.5341
239,818167495,마누엘 노이어,818,LD (Last Dance),9,50,134,117,0.5339
240,845230621,잔루이지 돈나룸마,845,CH (Continental Heroes),8,153,411,359,0.5338
241,289051539,에드윈 반데르사르,289,CC (CenturyClub),10,138,356,311,0.5337
242,863204935,조던 픽포드,863,PTG (Path to Glory),8,241,689,602,0.5337
243,289051539,에드윈 반데르사르,289,CC (CenturyClub),9,160,428,374,0.5337
244,826204935,조던 픽포드,826,24EP (2024 Energetic Player),8,437,1231,1077,0.5334
245,829192448,M. 테어슈테겐,829,GRU (Greatest Runner-Ups),9,126,369,323,0.5332
246,840209981,야신 부누,840,LE (Legend of Europa),8,104,291,255,0.5330
247,206024630,페페 레이나,206,TB (Tournament Best),12,277,753,660,0.5329
248,834212831,알리송,834,24 UCL (24 UEFA Champions League),8,926,2674,2348,0.5325
249,828167948,위고 요리스,828,BLD (Best Legends),8,184,514,452,0.5321
250,828167495,마누엘 노이어,828,BLD (Best Legends),8,641,1757,1546,0.5319
251,836230621,잔루이지 돈나룸마,836,WB (Wonderboys),8,717,1906,1681,0.5314
252,517199641,마츠 셀스,517,25 PL (25 Premium Live),9,57,161,142,0.5314
253,246173373,세르히오 로메로,246,UP (Unsung Players),8,92,265,234,0.5311
254,802167948,위고 요리스,802,DC (Decade),8,150,445,393,0.5310
255,802192448,M. 테어슈테겐,802,DC (Decade),9,168,490,433,0.5309
256,825051539,에드윈 반데르사르,825,CU (Champions of Europe),8,528,1493,1321,0.5306
257,283192448,M. 테어슈테겐,283,HG (Home Grown),9,359,1033,914,0.5306
258,856203841,닉 포프,856,25 UCL (25 UEFA Champions League),9,144,391,346,0.5305
259,829167495,마누엘 노이어,829,GRU (Greatest Runner-Ups),9,65,170,151,0.5296
260,280235073,그레고르 코벨,280,22 UCL (22 UEFA Champions League),8,161,414,368,0.5294
261,840206585,케파,840,LE (Legend of Europa),8,175,451,401,0.5293
262,840242948,M. 코바르시,840,LE (Legend of Europa),8,315,894,795,0.5293
263,300233306,딘 헨더슨,300,25 LIVE (25 LIVE),13,63,173,154,0.5291
264,517235073,그레고르 코벨,517,25 PL (25 Premium Live),8,368,976,869,0.5290
265,863241643,빅토르 요한손,863,PTG (Path to Glory),8,56,166,148,0.5287
266,268005479,카시야스,268,LN (LEGENDARY NUMBERS),9,186,540,482,0.5284
267,848048940,페트르 체흐,848,WS (Winning Streak),8,60,168,150,0.5283
268,206203775,로리스 카리우스,206,TB (Tournament Best),13,333,822,734,0.5283
269,851210676,W. 팔코네,851,25DP (25 Devoted Player),8,439,1104,986,0.5282
270,270215223,왈테르 베니테스,270,SPL (Spotlight),10,90,225,201,0.5282
271,253230869,우나이 시몬,253,BOE21 (Best of Europe 21),8,237,605,541,0.5279
272,852048940,페트르 체흐,852,FAC (Football Association Champions),8,236,643,575,0.5279
273,827005479,카시야스,827,BDO (Ballon d'Or),9,57,142,127,0.5279
274,825210257,에데르송,825,CU (Champions of Europe),9,64,171,153,0.5278
275,265186153,보이치에흐 슈체스니,265,LOL (LEGEND OF THE LOAN),10,123,335,300,0.5276
276,518212432,조현우,518,26KLeague (26KLeague),8,130,355,318,0.5275
277,291211738,마르크 플레컨,291,23HW (23 Hard Worker),10,61,155,139,0.5272
278,253230869,우나이 시몬,253,BOE21 (Best of Europe 21),9,117,321,288,0.5271
279,815206585,케파,815,EU24 (UEFA EURO 2024),8,65,197,177,0.5267
280,840188943,케빈 트라프,840,LE (Legend of Europa),8,60,158,142,0.5267
281,256193105,알퐁스 아레올라,256,BTB (Back to Back),8,136,336,302,0.5266
282,518210941,이창근,518,26KLeague (26KLeague),8,53,129,116,0.5265
283,217177683,얀 조머,217,COC (Competitor Of Continents),13,125,358,322,0.5265
284,289051539,에드윈 반데르사르,289,CC (CenturyClub),8,296,837,753,0.5264
285,848051539,에드윈 반데르사르,848,WS (Winning Streak),8,183,499,449,0.5264
286,253204935,조던 픽포드,253,BOE21 (Best of Europe 21),9,96,220,198,0.5263
287,270234577,디오구 코스타,270,SPL (Spotlight),9,200,513,462,0.5262
288,834246139,이냐키 페냐,834,24 UCL (24 UEFA Champions League),8,79,222,200,0.5261
289,840001179,잔루이지 부폰,840,LE (Legend of Europa),8,68,183,165,0.5259
290,826226753,앙드레 오나나,826,24EP (2024 Energetic Player),8,193,541,488,0.5258
291,517202811,에미 마르티네스,517,25 PL (25 Premium Live),8,593,1622,1464,0.5256
292,289176550,다비드 오스피나,289,CC (CenturyClub),10,80,206,186,0.5255
293,810234577,디오구 코스타,810,23 UCL (23 UEFA Champions League),9,173,493,446,0.5250
294,253230621,잔루이지 돈나룸마,253,BOE21 (Best of Europe 21),9,88,253,229,0.5249
295,828212831,알리송,828,BLD (Best Legends),8,2003,5368,4859,0.5249
296,845234642,에두아르 멘디,845,CH (Continental Heroes),8,162,402,364,0.5248
297,289192119,티보 쿠르투아,289,CC (CenturyClub),9,478,1323,1198,0.5248
298,231173373,세르히오 로메로,231,VTR (Veteran),9,290,852,772,0.5246
299,806191655,김승규,806,23 KFA (23 KFA),9,154,412,374,0.5242
300,828192448,M. 테어슈테겐,828,BLD (Best Legends),9,180,480,436,0.5240
301,836005479,카시야스,836,WB (Wonderboys),9,78,198,180,0.5238
302,852204092,J. 블라스비히,852,FAC (Football Association Champions),8,177,509,463,0.5237
303,856212831,알리송,856,25 UCL (25 UEFA Champions League),8,335,742,675,0.5236
304,270233934,에런 램즈데일,270,SPL (Spotlight),9,355,968,881,0.5235
305,810225116,알렉스 메레트,810,23 UCL (23 UEFA Champions League),8,318,903,823,0.5232
306,861048940,페트르 체흐,861,WG (Warriors of Glory),8,73,159,145,0.5230
307,828192119,티보 쿠르투아,828,BLD (Best Legends),8,928,2476,2258,0.5230
308,246211990,O. 블라호디모스,246,UP (Unsung Players),8,170,468,427,0.5229
309,246199987,야스퍼르 실러선,246,UP (Unsung Players),9,160,435,397,0.5228
310,214192448,M. 테어슈테겐,214,TC (Tournament Champions),8,281,715,653,0.5227
311,265234102,I. 라두,265,LOL (LEGEND OF THE LOAN),9,616,1630,1489,0.5226
312,256167495,마누엘 노이어,256,BTB (Back to Back),9,117,296,271,0.5220
313,231024630,페페 레이나,231,VTR (Veteran),8,811,2160,1979,0.5219
314,283230621,잔루이지 돈나룸마,283,HG (Home Grown),10,228,609,558,0.5219
315,828192448,M. 테어슈테겐,828,BLD (Best Legends),8,346,910,834,0.5218
316,830212432,조현우,830,24KB (24 K-League Best),8,690,1872,1716,0.5217
317,207204935,조던 픽포드,207,TT (Top Transfer),13,147,290,266,0.5216
318,517230872,밀레 스빌라르,517,25 PL (25 Premium Live),8,170,452,415,0.5213
319,214005479,카시야스,214,TC (Tournament Champions),8,711,1971,1811,0.5212
320,217199987,야스퍼르 실러선,217,COC (Competitor Of Continents),13,73,212,195,0.5209
321,829192119,티보 쿠르투아,829,GRU (Greatest Runner-Ups),8,353,998,918,0.5209
322,845212831,알리송,845,CH (Continental Heroes),8,160,450,414,0.5208
323,848167495,마누엘 노이어,848,WS (Winning Streak),9,144,364,335,0.5207
324,828200389,얀 오블라크,828,BLD (Best Legends),8,264,717,660,0.5207
325,270193105,알퐁스 아레올라,270,SPL (Spotlight),8,532,1424,1311,0.5207
326,295191655,김승규,295,19 KFA (19 KFA),13,60,140,129,0.5204
327,834190941,L. 흐라데츠키,834,24 UCL (24 UEFA Champions League),8,686,1810,1671,0.5200
328,206210257,에데르송,206,TB (Tournament Best),10,64,158,146,0.5197
329,256199987,야스퍼르 실러선,256,BTB (Back to Back),8,545,1373,1269,0.5197
330,804262621,G. 마마르다슈빌리,804,23NG (23 NEW GENERATION),9,357,936,866,0.5194
331,253177683,얀 조머,253,BOE21 (Best of Europe 21),8,158,416,385,0.5194
332,828200389,얀 오블라크,828,BLD (Best Legends),9,124,323,299,0.5193
333,283211101,루벤 블랑코,283,HG (Home Grown),10,322,809,749,0.5193
334,293191655,김승규,293,22 KFA (22 KFA),10,363,958,887,0.5192
335,294238570,송범근,294,21 KFA (21 KFA),9,52,135,125,0.5192
336,863212432,조현우,863,PTG (Path to Glory),8,452,1214,1126,0.5188
337,265233306,딘 헨더슨,265,LOL (LEGEND OF THE LOAN),9,564,1384,1286,0.5184
338,828167495,마누엘 노이어,828,BLD (Best Legends),9,105,285,265,0.5182
339,864191924,이범영,864,TK (Team Korea),8,1141,3113,2895,0.5181
340,291262621,G. 마마르다슈빌리,291,23HW (23 Hard Worker),8,900,2322,2161,0.5180
341,829235073,그레고르 코벨,829,GRU (Greatest Runner-Ups),8,691,1843,1717,0.5177
342,206005479,카시야스,206,TB (Tournament Best),9,54,132,123,0.5176
343,511203841,닉 포프,511,22 PL (22 Premium Live),8,54,133,124,0.5175
344,810220901,다비드 라야,810,23 UCL (23 UEFA Champions League),8,244,614,573,0.5173
345,856226300,우르칸 차키르,856,25 UCL (25 UEFA Champions League),8,52,165,154,0.5172
346,214186569,스벤 울라이히,214,TC (Tournament Champions),13,72,199,186,0.5169
347,291262621,G. 마마르다슈빌리,291,23HW (23 Hard Worker),9,460,1125,1052,0.5168
348,206005479,카시야스,206,TB (Tournament Best),13,121,325,304,0.5167
349,518252659,김동헌,518,26KLeague (26KLeague),11,153,407,381,0.5165
350,846193080,데헤아,846,DCB (Dramatic Comebacks),8,612,1584,1483,0.5165
351,280210257,에데르송,280,22 UCL (22 UEFA Champions League),8,213,523,490,0.5163
352,252051539,에드윈 반데르사르,252,CAP (Captain),9,62,159,149,0.5162
353,283186153,보이치에흐 슈체스니,283,HG (Home Grown),9,242,644,604,0.5160
354,853233286,황인재,853,25KB (25 K-League Best),9,93,262,246,0.5157
355,840173373,세르히오 로메로,840,LE (Legend of Europa),9,109,250,235,0.5155
356,829204883,브라이스 삼바,829,GRU (Greatest Runner-Ups),8,181,503,473,0.5154
357,829212831,알리송,829,GRU (Greatest Runner-Ups),8,296,839,789,0.5154
358,826226753,앙드레 오나나,826,24EP (2024 Energetic Player),9,112,336,316,0.5153
359,251167495,마누엘 노이어,251,EBS (European Best Stars),9,271,740,696,0.5153
360,101051539,에드윈 반데르사르,101,ICON (ICON),8,354,984,927,0.5149
361,283186153,보이치에흐 슈체스니,283,HG (Home Grown),10,102,294,277,0.5149
362,518212839,박청효,518,26KLeague (26KLeague),8,109,295,278,0.5148
363,825192119,티보 쿠르투아,825,CU (Champions of Europe),8,614,1560,1474,0.5142
364,291211738,마르크 플레컨,291,23HW (23 Hard Worker),9,260,674,637,0.5141
365,256192448,M. 테어슈테겐,256,BTB (Back to Back),8,158,457,432,0.5141
366,251207998,대니 워드,251,EBS (European Best Stars),13,83,208,197,0.5136
367,802048940,페트르 체흐,802,DC (Decade),8,54,137,130,0.5131
368,828226753,앙드레 오나나,828,BLD (Best Legends),9,149,373,354,0.5131
369,251167948,위고 요리스,251,EBS (European Best Stars),9,153,413,392,0.5130
370,283211101,루벤 블랑코,283,HG (Home Grown),8,167,419,398,0.5129
371,237190053,페터 슈마이켈,237,MC (Multi-League Champions),8,90,260,247,0.5128
372,101048940,페트르 체흐,101,ICON (ICON),8,168,462,439,0.5128
373,517177683,얀 조머,517,25 PL (25 Premium Live),8,211,563,535,0.5128
374,825243952,안드리 루닌,825,CU (Champions of Europe),8,96,243,231,0.5127
375,814194404,네투,814,UT (Unexpected Transfer),8,325,854,812,0.5126
376,111051539,에드윈 반데르사르,111,ICONS MATCH (ICONS MATCH),8,517,1347,1281,0.5126
377,517185122,페테르 굴라치,517,25 PL (25 Premium Live),8,61,165,157,0.5124
378,517230872,밀레 스빌라르,517,25 PL (25 Premium Live),9,146,334,318,0.5123
379,256210257,에데르송,256,BTB (Back to Back),9,217,567,540,0.5122
380,828202811,에미 마르티네스,828,BLD (Best Legends),9,77,213,203,0.5120
381,518233286,황인재,518,26KLeague (26KLeague),9,69,157,150,0.5114
382,206199482,안토니 로페스,206,TB (Tournament Best),13,129,293,280,0.5113
383,856228789,로베르트 산체스,856,25 UCL (25 UEFA Champions League),8,494,1312,1254,0.5113
384,804263063,J. 트래포드,804,23NG (23 NEW GENERATION),8,379,978,935,0.5112
385,265186153,보이치에흐 슈체스니,265,LOL (LEGEND OF THE LOAN),8,479,1259,1205,0.5110
386,836167495,마누엘 노이어,836,WB (Wonderboys),8,75,187,179,0.5109
387,256199987,야스퍼르 실러선,256,BTB (Back to Back),9,153,390,374,0.5105
388,270233267,매트 터너,270,SPL (Spotlight),9,222,569,546,0.5103
389,806191655,김승규,806,23 KFA (23 KFA),8,764,1930,1852,0.5103
390,210230621,잔루이지 돈나룸마,210,GR (Golden Rookies),8,282,721,692,0.5103
391,517192119,티보 쿠르투아,517,25 PL (25 Premium Live),8,116,299,287,0.5102
392,251001179,잔루이지 부폰,251,EBS (European Best Stars),9,184,502,482,0.5102
393,265233306,딘 헨더슨,265,LOL (LEGEND OF THE LOAN),8,2062,5299,5089,0.5101
394,846202811,에미 마르티네스,846,DCB (Dramatic Comebacks),9,67,178,171,0.5100
395,283170597,팀 크룰,283,HG (Home Grown),8,200,521,501,0.5098
396,283167495,마누엘 노이어,283,HG (Home Grown),9,109,289,278,0.5097
397,293191655,김승규,293,22 KFA (22 KFA),8,1054,2774,2671,0.5095
398,214192119,티보 쿠르투아,214,TC (Tournament Champions),13,95,216,208,0.5094
399,265228413,에밀 아우데로,265,LOL (LEGEND OF THE LOAN),11,66,163,157,0.5094
400,225019580,이운재,225,TKL (TEAM K LEAGUE),9,136,357,344,0.5093
401,517211738,마르크 플레컨,517,25 PL (25 Premium Live),8,226,578,557,0.5093
402,237199987,야스퍼르 실러선,237,MC (Multi-League Champions),8,463,1308,1261,0.5091
403,834251752,뤼카 슈발리에,834,24 UCL (24 UEFA Champions League),8,223,591,570,0.5090
404,206192448,M. 테어슈테겐,206,TB (Tournament Best),12,155,369,356,0.5090
405,836005479,카시야스,836,WB (Wonderboys),10,97,291,281,0.5087
406,825192448,M. 테어슈테겐,825,CU (Champions of Europe),9,68,178,172,0.5086
407,289192119,티보 쿠르투아,289,CC (CenturyClub),8,891,2235,2162,0.5083
408,246186569,스벤 울라이히,246,UP (Unsung Players),8,442,1111,1076,0.5080
409,206164835,우카시 파비안스키,206,TB (Tournament Best),13,53,127,123,0.5080
410,828212831,알리송,828,BLD (Best Legends),9,254,716,694,0.5078
411,283230621,잔루이지 돈나룸마,283,HG (Home Grown),9,193,500,485,0.5076
412,206005479,카시야스,206,TB (Tournament Best),11,157,403,391,0.5076
413,834252154,M. 카르네세키,834,24 UCL (24 UEFA Champions League),10,56,170,165,0.5075
414,806212432,조현우,806,23 KFA (23 KFA),8,1187,3044,2955,0.5074
415,280241050,A. 마이어,280,22 UCL (22 UEFA Champions League),8,129,308,299,0.5074
416,274192119,티보 쿠르투아,274,RMCF (Real Madrid Ambassador),9,198,517,502,0.5074
417,270234577,디오구 코스타,270,SPL (Spotlight),8,664,1722,1675,0.5069
418,840178005,후이 파트리시우,840,LE (Legend of Europa),8,145,347,338,0.5066
419,828209981,야신 부누,828,BLD (Best Legends),8,156,394,384,0.5064
420,300228383,카밀 그라바라,300,25 LIVE (25 LIVE),13,180,483,471,0.5063
421,251167948,위고 요리스,251,EBS (European Best Stars),8,203,529,516,0.5062
422,863242179,야이아 포파나,863,PTG (Path to Glory),9,60,167,163,0.5061
423,237210257,에데르송,237,MC (Multi-League Champions),11,174,510,498,0.5060
424,829051539,에드윈 반데르사르,829,GRU (Greatest Runner-Ups),8,309,767,749,0.5059
425,517235840,M. 디 그레고리오,517,25 PL (25 Premium Live),8,227,570,557,0.5058
426,291223952,다비드 소리아,291,23HW (23 Hard Worker),11,188,486,475,0.5057
427,265234102,I. 라두,265,LOL (LEGEND OF THE LOAN),8,626,1602,1566,0.5057
428,828202811,에미 마르티네스,828,BLD (Best Legends),11,80,194,190,0.5052
429,802163587,카스퍼 슈마이켈,802,DC (Decade),10,77,195,191,0.5052
430,845233267,매트 터너,845,CH (Continental Heroes),9,113,296,290,0.5051
431,283192448,M. 테어슈테겐,283,HG (Home Grown),8,407,1050,1029,0.5051
432,111051539,에드윈 반데르사르,111,ICONS MATCH (ICONS MATCH),9,127,354,347,0.5050
433,265225116,알렉스 메레트,265,LOL (LEGEND OF THE LOAN),8,814,2107,2067,0.5048
434,256193105,알퐁스 아레올라,256,BTB (Back to Back),9,86,212,208,0.5048
435,810200389,얀 오블라크,810,23 UCL (23 UEFA Champions League),8,92,216,212,0.5047
436,280212831,알리송,280,22 UCL (22 UEFA Champions League),8,312,762,749,0.5043
437,246199987,야스퍼르 실러선,246,UP (Unsung Players),8,840,2173,2136,0.5043
438,253177683,얀 조머,253,BOE21 (Best of Europe 21),9,208,544,535,0.5042
439,802182494,페르난도 무슬레라,802,DC (Decade),10,132,366,360,0.5041
440,201192119,티보 쿠르투아,201,NHD (National Hero Debut),8,63,183,180,0.5041
441,518232065,김동준,518,26KLeague (26KLeague),9,99,244,240,0.5041
442,216190053,페터 슈마이켈,216,HOT (Heroes Of the Team),8,146,379,373,0.5040
443,293234748,구성윤,293,22 KFA (22 KFA),8,59,128,126,0.5039
444,207000488,올리버 칸,207,TT (Top Transfer),12,76,195,192,0.5039
445,252167948,위고 요리스,252,CAP (Captain),8,123,355,350,0.5035
446,234167948,위고 요리스,234,LH (Loyal Heroes),9,55,147,145,0.5034
447,829235073,그레고르 코벨,829,GRU (Greatest Runner-Ups),9,183,534,527,0.5033
448,810230621,잔루이지 돈나룸마,810,23 UCL (23 UEFA Champions League),8,89,230,227,0.5033
449,806212432,조현우,806,23 KFA (23 KFA),9,671,1704,1682,0.5032
450,517233306,딘 헨더슨,517,25 PL (25 Premium Live),8,183,477,471,0.5032
451,300235840,M. 디 그레고리오,300,25 LIVE (25 LIVE),9,190,477,471,0.5032
452,264210385,후이 실바,264,FA (FREE AGENT),10,95,239,236,0.5032
453,251048940,페트르 체흐,251,EBS (European Best Stars),9,144,382,378,0.5026
454,293191655,김승규,293,22 KFA (22 KFA),9,737,1912,1892,0.5026
455,270193105,알퐁스 아레올라,270,SPL (Spotlight),9,232,588,582,0.5026
456,207212831,알리송,207,TT (Top Transfer),11,241,618,612,0.5024
457,283230621,잔루이지 돈나룸마,283,HG (Home Grown),8,526,1303,1291,0.5023
458,517225116,알렉스 메레트,517,25 PL (25 Premium Live),9,51,110,109,0.5023
459,237193105,알퐁스 아레올라,237,MC (Multi-League Champions),8,50,120,119,0.5021
460,273212831,알리송,273,WC22 (World Cup 2022),8,160,373,370,0.5020
461,206177683,얀 조머,206,TB (Tournament Best),11,160,384,381,0.5020
462,840242948,M. 코바르시,840,LE (Legend of Europa),9,56,129,128,0.5019
463,246193105,알퐁스 아레올라,246,UP (Unsung Players),8,289,750,745,0.5017
464,207190053,페터 슈마이켈,207,TT (Top Transfer),8,63,152,151,0.5017
465,256186153,보이치에흐 슈체스니,256,BTB (Back to Back),9,259,667,663,0.5015
466,802192448,M. 테어슈테겐,802,DC (Decade),8,65,168,167,0.5015
467,828226753,앙드레 오나나,828,BLD (Best Legends),8,200,506,503,0.5015
468,517215316,헤로니모 룰리,517,25 PL (25 Premium Live),9,59,169,168,0.5015
469,253204935,조던 픽포드,253,BOE21 (Best of Europe 21),10,90,203,202,0.5012
470,518234748,구성윤,518,26KLeague (26KLeague),8,92,222,221,0.5011
471,225212432,조현우,225,TKL (TEAM K LEAGUE),8,235,635,633,0.5008
472,231167495,마누엘 노이어,231,VTR (Veteran),8,156,389,388,0.5006
473,825048940,페트르 체흐,825,CU (Champions of Europe),8,130,350,350,0.5000
474,517230869,우나이 시몬,517,25 PL (25 Premium Live),8,70,165,165,0.5000
475,517227127,알렉스 레미로,517,25 PL (25 Premium Live),8,50,135,135,0.5000
476,252051539,에드윈 반데르사르,252,CAP (Captain),8,208,567,568,0.4996
477,804262621,G. 마마르다슈빌리,804,23NG (23 NEW GENERATION),8,875,2194,2198,0.4995
478,280215698,마이크 메냥,280,22 UCL (22 UEFA Champions League),8,408,1058,1061,0.4993
479,289019580,이운재,289,CC (CenturyClub),9,244,592,594,0.4992
480,270233267,매트 터너,270,SPL (Spotlight),10,114,220,221,0.4989
481,829051539,에드윈 반데르사르,829,GRU (Greatest Runner-Ups),9,259,642,645,0.4988
482,252048940,페트르 체흐,252,CAP (Captain),8,77,201,202,0.4988
483,234167495,마누엘 노이어,234,LH (Loyal Heroes),9,163,401,403,0.4988
484,206024630,페페 레이나,206,TB (Tournament Best),11,164,397,399,0.4987
485,246173373,세르히오 로메로,246,UP (Unsung Players),10,76,176,177,0.4986
486,264230621,잔루이지 돈나룸마,264,FA (FREE AGENT),9,325,826,832,0.4982
487,256168435,살바토레 시리구,256,BTB (Back to Back),8,100,271,273,0.4982
488,253204935,조던 픽포드,253,BOE21 (Best of Europe 21),8,268,676,681,0.4982
489,827048940,페트르 체흐,827,BDO (Ballon d'Or),8,164,395,398,0.4981
490,252001179,잔루이지 부폰,252,CAP (Captain),11,111,318,321,0.4977
491,270221087,파우 로페스,270,SPL (Spotlight),8,85,211,213,0.4976
492,508215698,마이크 메냥,508,21 PL (21 Premium Live),8,75,204,206,0.4976
493,206212831,알리송,206,TB (Tournament Best),12,479,1317,1330,0.4975
494,246173373,세르히오 로메로,246,UP (Unsung Players),9,104,293,296,0.4975
495,517177683,얀 조머,517,25 PL (25 Premium Live),9,123,280,283,0.4973
496,513202811,에미 마르티네스,513,23 PL (23 Premium Live),12,108,272,275,0.4973
497,216200389,얀 오블라크,216,HOT (Heroes Of the Team),11,87,259,262,0.4971
498,270233934,에런 램즈데일,270,SPL (Spotlight),8,597,1461,1478,0.4971
499,517230621,잔루이지 돈나룸마,517,25 PL (25 Premium Live),8,154,400,405,0.4969
500,251167495,마누엘 노이어,251,EBS (European Best Stars),8,789,2025,2051,0.4968
501,206210257,에데르송,206,TB (Tournament Best),8,126,308,312,0.4968
502,206206585,케파,206,TB (Tournament Best),11,149,354,359,0.4965
503,256186153,보이치에흐 슈체스니,256,BTB (Back to Back),8,794,1989,2019,0.4963
504,814048940,페트르 체흐,814,UT (Unexpected Transfer),8,86,197,200,0.4962
505,826205186,파울로 가사니가,826,24EP (2024 Energetic Player),8,170,449,456,0.4961
506,804250753,A. 트루빈,804,23NG (23 NEW GENERATION),8,80,192,195,0.4961
507,206188943,케빈 트라프,206,TB (Tournament Best),13,123,299,304,0.4959
508,256192448,M. 테어슈테겐,256,BTB (Back to Back),9,167,409,416,0.4958
509,289019580,이운재,289,CC (CenturyClub),10,139,341,347,0.4956
510,517200389,얀 오블라크,517,25 PL (25 Premium Live),8,145,367,374,0.4953
511,251164835,우카시 파비안스키,251,EBS (European Best Stars),8,59,155,158,0.4952
512,518238570,송범근,518,26KLeague (26KLeague),9,52,154,157,0.4952
513,201192119,티보 쿠르투아,201,NHD (National Hero Debut),13,61,154,157,0.4952
514,518221759,김경민,518,26KLeague (26KLeague),8,55,153,156,0.4951
515,828215698,마이크 메냥,828,BLD (Best Legends),9,103,246,251,0.4950
516,268048940,페트르 체흐,268,LN (LEGENDARY NUMBERS),10,57,142,145,0.4948
517,216162835,사미르 한다노비치,216,HOT (Heroes Of the Team),8,196,491,502,0.4945
518,517259532,주안 가르시아,517,25 PL (25 Premium Live),8,475,1198,1227,0.4940
519,284001179,잔루이지 부폰,284,RTN (Returnees),8,221,571,585,0.4939
520,256005479,카시야스,256,BTB (Back to Back),8,240,631,647,0.4937
521,264210385,후이 실바,264,FA (FREE AGENT),8,351,860,883,0.4934
522,207210257,에데르송,207,TT (Top Transfer),13,330,783,804,0.4934
523,863242948,M. 코바르시,863,PTG (Path to Glory),8,97,223,229,0.4934
524,513192448,M. 테어슈테겐,513,23 PL (23 Premium Live),8,72,176,181,0.4930
525,284216065,M. 스포르티엘로,284,RTN (Returnees),10,127,316,325,0.4930
526,206024630,페페 레이나,206,TB (Tournament Best),13,261,596,613,0.4930
527,206173373,세르히오 로메로,206,TB (Tournament Best),13,170,447,460,0.4928
528,201001179,잔루이지 부폰,201,NHD (National Hero Debut),8,53,137,141,0.4928
529,234190053,페터 슈마이켈,234,LH (Loyal Heroes),8,348,907,934,0.4927
530,237210257,에데르송,237,MC (Multi-League Champions),8,1121,2748,2830,0.4926
531,806191655,김승규,806,23 KFA (23 KFA),11,302,777,801,0.4924
532,300263887,J. 우르비히,300,25 LIVE (25 LIVE),11,52,127,131,0.4922
533,231173426,시몽 미뇰레,231,VTR (Veteran),8,200,494,511,0.4915
534,828178005,후이 파트리시우,828,BLD (Best Legends),8,61,145,150,0.4915
535,256051539,에드윈 반데르사르,256,BTB (Back to Back),8,380,924,956,0.4915
536,237192119,티보 쿠르투아,237,MC (Multi-League Champions),9,64,173,179,0.4915
537,252002147,M. 스테켈렌뷔르흐,252,CAP (Captain),8,64,168,174,0.4912
538,264230621,잔루이지 돈나룸마,264,FA (FREE AGENT),8,1031,2533,2625,0.4911
539,300191655,김승규,300,25 LIVE (25 LIVE),11,133,328,340,0.4910
540,206177683,얀 조머,206,TB (Tournament Best),12,221,535,555,0.4908
541,231173373,세르히오 로메로,231,VTR (Veteran),8,153,341,354,0.4906
542,518238570,송범근,518,26KLeague (26KLeague),8,157,336,349,0.4905
543,206167495,마누엘 노이어,206,TB (Tournament Best),8,63,152,158,0.4903
544,863216325,앵거스 건,863,PTG (Path to Glory),8,164,404,420,0.4903
545,256167495,마누엘 노이어,256,BTB (Back to Back),8,209,519,540,0.4901
546,517223885,알렉산더 뉘벨,517,25 PL (25 Premium Live),8,67,147,153,0.4900
547,280177683,얀 조머,280,22 UCL (22 UEFA Champions League),8,193,463,482,0.4899
548,268051539,에드윈 반데르사르,268,LN (LEGENDARY NUMBERS),8,444,1119,1166,0.4897
549,216192448,M. 테어슈테겐,216,HOT (Heroes Of the Team),8,1315,3310,3450,0.4896
550,323174543,클라우디오 브라보,323,23 LIVE (23 LIVE),8,120,324,338,0.4894
551,265192119,티보 쿠르투아,265,LOL (LEGEND OF THE LOAN),9,474,1154,1204,0.4894
552,253230621,잔루이지 돈나룸마,253,BOE21 (Best of Europe 21),8,224,535,559,0.4890
553,300234102,I. 라두,300,25 LIVE (25 LIVE),13,176,421,440,0.4890
554,207212831,알리송,207,TT (Top Transfer),8,162,396,414,0.4889
555,293212432,조현우,293,22 KFA (22 KFA),8,446,1111,1163,0.4886
556,300201095,아구스틴 마르체신,300,25 LIVE (25 LIVE),11,50,128,134,0.4885
557,201048940,페트르 체흐,201,NHD (National Hero Debut),13,199,482,505,0.4883
558,207210257,에데르송,207,TT (Top Transfer),8,237,562,589,0.4883
559,252167495,마누엘 노이어,252,CAP (Captain),8,151,333,349,0.4883
560,300254803,S. 라먼스,300,25 LIVE (25 LIVE),13,86,207,217,0.4882
561,237212831,알리송,237,MC (Multi-League Champions),8,1059,2525,2647,0.4882
562,246186569,스벤 울라이히,246,UP (Unsung Players),11,138,329,345,0.4881
563,225139500,최은성,225,TKL (TEAM K LEAGUE),9,79,181,190,0.4879
564,828230621,잔루이지 돈나룸마,828,BLD (Best Legends),8,565,1399,1469,0.4878
565,231193080,데헤아,231,VTR (Veteran),9,63,178,187,0.4877
566,834173426,시몽 미뇰레,834,24 UCL (24 UEFA Champions League),8,60,157,165,0.4876
567,804263063,J. 트래포드,804,23NG (23 NEW GENERATION),9,262,604,635,0.4875
568,206177683,얀 조머,206,TB (Tournament Best),13,511,1167,1229,0.4871
569,300192448,M. 테어슈테겐,300,25 LIVE (25 LIVE),11,113,263,277,0.4870
570,206212831,알리송,206,TB (Tournament Best),10,55,111,117,0.4868
571,289182494,페르난도 무슬레라,289,CC (CenturyClub),10,63,166,175,0.4868
572,251150724,조 하트,251,EBS (European Best Stars),8,278,667,704,0.4865
573,214024630,페페 레이나,214,TC (Tournament Champions),8,185,448,473,0.4864
574,517189117,로만 뷔어키,517,25 PL (25 Premium Live),8,119,426,450,0.4863
575,300220901,다비드 라야,300,25 LIVE (25 LIVE),8,186,474,501,0.4862
576,234173373,세르히오 로메로,234,LH (Loyal Heroes),8,171,420,444,0.4861
577,225221700,노동건,225,TKL (TEAM K LEAGUE),13,121,277,293,0.4860
578,206192448,M. 테어슈테겐,206,TB (Tournament Best),11,225,581,615,0.4858
579,270233267,매트 터너,270,SPL (Spotlight),8,138,321,340,0.4856
580,283186153,보이치에흐 슈체스니,283,HG (Home Grown),8,601,1478,1568,0.4852
581,294238570,송범근,294,21 KFA (21 KFA),8,815,2018,2141,0.4852
582,828230621,잔루이지 돈나룸마,828,BLD (Best Legends),9,119,278,295,0.4852
583,300235840,M. 디 그레고리오,300,25 LIVE (25 LIVE),10,54,130,138,0.4851
584,515212831,알리송,515,24 PL (24 Premium Live),8,246,580,616,0.4849
585,253192119,티보 쿠르투아,253,BOE21 (Best of Europe 21),9,209,499,530,0.4849
586,300243675,키얼 스헤르펀,300,25 LIVE (25 LIVE),8,157,386,410,0.4849
587,218191655,김승규,218,OTW (Ones To Watch),13,406,926,984,0.4848
588,251051539,에드윈 반데르사르,251,EBS (European Best Stars),8,1007,2372,2526,0.4843
589,206048940,페트르 체흐,206,TB (Tournament Best),13,170,430,458,0.4842
590,517246139,이냐키 페냐,517,25 PL (25 Premium Live),8,169,414,441,0.4842
591,810192448,M. 테어슈테겐,810,23 UCL (23 UEFA Champions League),8,117,289,308,0.4841
592,300243675,키얼 스헤르펀,300,25 LIVE (25 LIVE),13,128,319,340,0.4841
593,216230621,잔루이지 돈나룸마,216,HOT (Heroes Of the Team),8,749,1798,1918,0.4839
594,802051539,에드윈 반데르사르,802,DC (Decade),9,180,455,486,0.4835
595,517167948,위고 요리스,517,25 PL (25 Premium Live),8,90,233,249,0.4834
596,834167495,마누엘 노이어,834,24 UCL (24 UEFA Champions League),8,157,392,419,0.4834
597,217212831,알리송,217,COC (Competitor Of Continents),8,673,1680,1796,0.4833
598,518232065,김동준,518,26KLeague (26KLeague),11,138,274,293,0.4832
599,265192119,티보 쿠르투아,265,LOL (LEGEND OF THE LOAN),8,1117,2718,2909,0.4830
600,300240913,케빈 켈레허,300,25 LIVE (25 LIVE),13,229,537,575,0.4829
601,252019580,이운재,252,CAP (Captain),8,84,196,210,0.4828
602,234167948,위고 요리스,234,LH (Loyal Heroes),8,127,280,300,0.4828
603,502192119,티보 쿠르투아,502,19 PLA (19 Premium Live Autumn),8,276,614,659,0.4823
604,214048940,페트르 체흐,214,TC (Tournament Champions),8,268,634,681,0.4821
605,274192119,티보 쿠르투아,274,RMCF (Real Madrid Ambassador),8,424,1035,1113,0.4818
606,517190941,L. 흐라데츠키,517,25 PL (25 Premium Live),8,177,434,467,0.4817
607,300191655,김승규,300,25 LIVE (25 LIVE),12,70,183,197,0.4816
608,289019580,이운재,289,CC (CenturyClub),8,407,939,1011,0.4815
609,834235073,그레고르 코벨,834,24 UCL (24 UEFA Champions League),8,96,220,237,0.4814
610,283002147,M. 스테켈렌뷔르흐,283,HG (Home Grown),11,73,155,167,0.4814
611,225136594,김병지,225,TKL (TEAM K LEAGUE),8,198,450,485,0.4813
612,264190941,L. 흐라데츠키,264,FA (FREE AGENT),9,193,446,481,0.4811
613,234162835,사미르 한다노비치,234,LH (Loyal Heroes),9,93,229,247,0.4811
614,256051539,에드윈 반데르사르,256,BTB (Back to Back),9,303,686,740,0.4811
615,101051539,에드윈 반데르사르,101,ICON (ICON),9,52,127,137,0.4811
616,828215698,마이크 메냥,828,BLD (Best Legends),8,1426,3452,3725,0.4810
617,264190941,L. 흐라데츠키,264,FA (FREE AGENT),8,586,1427,1542,0.4806
618,517167495,마누엘 노이어,517,25 PL (25 Premium Live),8,211,471,509,0.4806
619,300243311,주제프 마르티네스,300,25 LIVE (25 LIVE),13,69,160,173,0.4805
620,214167495,마누엘 노이어,214,TC (Tournament Champions),8,213,529,572,0.4805
621,517204935,조던 픽포드,517,25 PL (25 Premium Live),8,367,804,870,0.4803
622,207192563,베른트 레노,207,TT (Top Transfer),13,93,207,224,0.4803
623,242186153,보이치에흐 슈체스니,242,20 UCL (20 UEFA Champions League),8,136,304,329,0.4803
624,206210257,에데르송,206,TB (Tournament Best),13,232,607,658,0.4798
625,284216065,M. 스포르티엘로,284,RTN (Returnees),8,744,1721,1866,0.4798
626,825200159,S. 오르테가,825,CU (Champions of Europe),8,50,117,127,0.4795
627,253167495,마누엘 노이어,253,BOE21 (Best of Europe 21),8,1192,2891,3139,0.4794
628,834242948,M. 코바르시,834,24 UCL (24 UEFA Champions League),8,167,360,391,0.4794
629,856251752,뤼카 슈발리에,856,25 UCL (25 UEFA Champions League),8,105,267,290,0.4794
630,206200389,얀 오블라크,206,TB (Tournament Best),11,63,150,163,0.4792
631,206192448,M. 테어슈테겐,206,TB (Tournament Best),13,76,173,188,0.4792
632,517167495,마누엘 노이어,517,25 PL (25 Premium Live),9,62,126,137,0.4791
633,237051539,에드윈 반데르사르,237,MC (Multi-League Champions),8,65,160,174,0.4790
634,253192119,티보 쿠르투아,253,BOE21 (Best of Europe 21),8,1037,2468,2684,0.4790
635,206167948,위고 요리스,206,TB (Tournament Best),13,75,170,185,0.4789
636,517215698,마이크 메냥,517,25 PL (25 Premium Live),8,225,554,603,0.4788
637,247191924,이범영,247,2012 KH (2012 KH),8,558,1345,1465,0.4786
638,513240091,G. 비카리오,513,23 PL (23 Premium Live),8,71,175,191,0.4781
639,517212831,알리송,517,25 PL (25 Premium Live),8,197,489,534,0.4780
640,251192119,티보 쿠르투아,251,EBS (European Best Stars),9,190,484,529,0.4778
641,206199987,야스퍼르 실러선,206,TB (Tournament Best),13,118,267,292,0.4776
642,517235073,그레고르 코벨,517,25 PL (25 Premium Live),9,114,307,336,0.4774
643,251186153,보이치에흐 슈체스니,251,EBS (European Best Stars),10,94,211,231,0.4774
644,268005479,카시야스,268,LN (LEGENDARY NUMBERS),11,78,209,229,0.4772
645,234173373,세르히오 로메로,234,LH (Loyal Heroes),9,55,155,170,0.4769
646,206215316,헤로니모 룰리,206,TB (Tournament Best),13,70,154,169,0.4768
647,517215316,헤로니모 룰리,517,25 PL (25 Premium Live),8,92,235,258,0.4767
648,810243952,안드리 루닌,810,23 UCL (23 UEFA Champions League),8,81,213,234,0.4765
649,246193105,알퐁스 아레올라,246,UP (Unsung Players),9,67,172,189,0.4765
650,234190941,L. 흐라데츠키,234,LH (Loyal Heroes),11,98,239,263,0.4761
651,252162835,사미르 한다노비치,252,CAP (Captain),8,160,365,402,0.4759
652,836048940,페트르 체흐,836,WB (Wonderboys),9,54,98,108,0.4757
653,517240091,G. 비카리오,517,25 PL (25 Premium Live),8,186,480,529,0.4757
654,206167495,마누엘 노이어,206,TB (Tournament Best),11,154,388,428,0.4755
655,251192119,티보 쿠르투아,251,EBS (European Best Stars),8,1685,3910,4316,0.4753
656,216200389,얀 오블라크,216,HOT (Heroes Of the Team),10,162,430,475,0.4751
657,265186153,보이치에흐 슈체스니,265,LOL (LEGEND OF THE LOAN),11,73,162,179,0.4751
658,828202811,에미 마르티네스,828,BLD (Best Legends),8,1046,2490,2752,0.4750
659,517251752,뤼카 슈발리에,517,25 PL (25 Premium Live),8,99,237,262,0.4749
660,256186569,스벤 울라이히,256,BTB (Back to Back),8,111,293,324,0.4749
661,840214979,후안 무소,840,LE (Legend of Europa),8,78,198,219,0.4748
662,256193105,알퐁스 아레올라,256,BTB (Back to Back),10,147,339,375,0.4748
663,300228789,로베르트 산체스,300,25 LIVE (25 LIVE),10,52,112,124,0.4746
664,283186153,보이치에흐 슈체스니,283,HG (Home Grown),11,193,485,537,0.4746
665,517228383,카밀 그라바라,517,25 PL (25 Premium Live),8,88,214,237,0.4745
666,283230869,우나이 시몬,283,HG (Home Grown),10,181,398,441,0.4744
667,251178005,후이 파트리시우,251,EBS (European Best Stars),8,77,193,214,0.4742
668,280230621,잔루이지 돈나룸마,280,22 UCL (22 UEFA Champions League),8,317,741,822,0.4741
669,264190941,L. 흐라데츠키,264,FA (FREE AGENT),10,160,359,400,0.4730
670,234192119,티보 쿠르투아,234,LH (Loyal Heroes),8,948,2316,2581,0.4729
671,513186153,보이치에흐 슈체스니,513,23 PL (23 Premium Live),8,101,250,279,0.4726
672,283230869,우나이 시몬,283,HG (Home Grown),9,135,307,343,0.4723
673,214212831,알리송,214,TC (Tournament Champions),8,127,264,295,0.4723
674,256190053,페터 슈마이켈,256,BTB (Back to Back),11,69,170,190,0.4722
675,231193080,데헤아,231,VTR (Veteran),8,363,826,924,0.4720
676,300199833,라르스 운네스탈,300,25 LIVE (25 LIVE),13,71,177,198,0.4720
677,221192119,티보 쿠르투아,221,19 UCL (19 UEFA Champions League),8,232,539,603,0.4720
678,234190053,페터 슈마이켈,234,LH (Loyal Heroes),9,67,168,188,0.4719
679,322162835,사미르 한다노비치,322,22 LIVE (22 LIVE),8,73,167,187,0.4718
680,300259532,주안 가르시아,300,25 LIVE (25 LIVE),13,222,509,570,0.4717
681,517193080,데헤아,517,25 PL (25 Premium Live),8,208,519,582,0.4714
682,511262621,G. 마마르다슈빌리,511,22 PL (22 Premium Live),8,90,211,237,0.4710
683,300243675,키얼 스헤르펀,300,25 LIVE (25 LIVE),11,50,89,100,0.4709
684,511234102,I. 라두,511,22 PL (22 Premium Live),8,50,113,127,0.4708
685,283163489,안드레아 콘실리,283,HG (Home Grown),10,52,144,162,0.4706
686,276234577,디오구 코스타,276,22NG (22 NEW GENERATION),8,205,524,590,0.4704
687,265225116,알렉스 메레트,265,LOL (LEGEND OF THE LOAN),9,310,770,867,0.4704
688,206186153,보이치에흐 슈체스니,206,TB (Tournament Best),8,224,491,553,0.4703
689,253230869,우나이 시몬,253,BOE21 (Best of Europe 21),10,50,117,132,0.4699
690,217210257,에데르송,217,COC (Competitor Of Continents),11,213,505,570,0.4698
691,206193080,데헤아,206,TB (Tournament Best),10,59,132,149,0.4698
692,214051539,에드윈 반데르사르,214,TC (Tournament Champions),8,859,1964,2217,0.4697
693,217212831,알리송,217,COC (Competitor Of Continents),9,62,178,201,0.4697
694,237192119,티보 쿠르투아,237,MC (Multi-League Champions),8,662,1560,1762,0.4696
695,206048940,페트르 체흐,206,TB (Tournament Best),11,263,544,616,0.4690
696,253167948,위고 요리스,253,BOE21 (Best of Europe 21),8,111,270,306,0.4688
697,517204883,브라이스 삼바,517,25 PL (25 Premium Live),10,131,307,348,0.4687
698,234167495,마누엘 노이어,234,LH (Loyal Heroes),8,172,384,436,0.4683
699,251051539,에드윈 반데르사르,251,EBS (European Best Stars),9,238,598,679,0.4683
700,206203042,잭 버틀런드,206,TB (Tournament Best),13,301,631,717,0.4681
701,217200110,마르코 비조트,217,COC (Competitor Of Continents),13,53,124,141,0.4679
702,517205186,파울로 가사니가,517,25 PL (25 Premium Live),8,210,479,545,0.4678
703,810210257,에데르송,810,23 UCL (23 UEFA Champions League),8,96,186,212,0.4673
704,207051539,에드윈 반데르사르,207,TT (Top Transfer),8,379,822,937,0.4673
705,206206585,케파,206,TB (Tournament Best),12,75,200,228,0.4673
706,207000488,올리버 칸,207,TT (Top Transfer),8,89,199,227,0.4671
707,826192563,베른트 레노,826,24EP (2024 Energetic Player),8,59,148,169,0.4669
708,806266323,김준홍,806,23 KFA (23 KFA),8,593,1306,1492,0.4668
709,234162835,사미르 한다노비치,234,LH (Loyal Heroes),8,490,1099,1256,0.4667
710,214212831,알리송,214,TC (Tournament Champions),11,188,440,503,0.4666
711,234167495,마누엘 노이어,234,LH (Loyal Heroes),10,143,369,422,0.4665
712,214192119,티보 쿠르투아,214,TC (Tournament Champions),11,477,1113,1275,0.4661
713,214212831,알리송,214,TC (Tournament Champions),9,75,170,195,0.4658
714,251048940,페트르 체흐,251,EBS (European Best Stars),8,275,646,742,0.4654
715,216167495,마누엘 노이어,216,HOT (Heroes Of the Team),8,114,296,340,0.4654
716,511220901,다비드 라야,511,22 PL (22 Premium Live),8,55,121,139,0.4654
717,233192119,티보 쿠르투아,233,MOG (Moments Of Glory),8,354,845,971,0.4653
718,517205186,파울로 가사니가,517,25 PL (25 Premium Live),9,74,154,177,0.4653
719,300228789,로베르트 산체스,300,25 LIVE (25 LIVE),13,122,281,323,0.4652
720,210230872,밀레 스빌라르,210,GR (Golden Rookies),10,57,153,176,0.4650
721,206192119,티보 쿠르투아,206,TB (Tournament Best),8,487,1110,1277,0.4650
722,324024630,페페 레이나,324,24 LIVE (24 LIVE),11,176,477,549,0.4649
723,300192448,M. 테어슈테겐,300,25 LIVE (25 LIVE),8,1404,3285,3782,0.4648
724,206024630,페페 레이나,206,TB (Tournament Best),9,124,284,327,0.4648
725,517230869,우나이 시몬,517,25 PL (25 Premium Live),10,91,203,234,0.4645
726,284216065,M. 스포르티엘로,284,RTN (Returnees),9,149,347,400,0.4645
727,201051539,에드윈 반데르사르,201,NHD (National Hero Debut),12,298,737,852,0.4638
728,283230869,우나이 시몬,283,HG (Home Grown),8,376,848,983,0.4631
729,206193080,데헤아,206,TB (Tournament Best),8,143,349,405,0.4629
730,214001179,잔루이지 부폰,214,TC (Tournament Champions),8,280,613,712,0.4626
731,300224836,V. 밀린코비치-사비치,300,25 LIVE (25 LIVE),8,215,463,538,0.4625
732,300228413,에밀 아우데로,300,25 LIVE (25 LIVE),8,227,547,636,0.4624
733,206024630,페페 레이나,206,TB (Tournament Best),10,176,380,442,0.4623
734,517190941,L. 흐라데츠키,517,25 PL (25 Premium Live),9,67,153,178,0.4622
735,300212831,알리송,300,25 LIVE (25 LIVE),8,825,1861,2166,0.4621
736,257238570,송범근,257,21KB (21 K-League Best),9,129,315,367,0.4619
737,834210257,에데르송,834,24 UCL (24 UEFA Champions League),9,216,482,562,0.4617
738,300238570,송범근,300,25 LIVE (25 LIVE),12,85,166,194,0.4611
739,234051539,에드윈 반데르사르,234,LH (Loyal Heroes),8,615,1403,1641,0.4609
740,300190941,L. 흐라데츠키,300,25 LIVE (25 LIVE),8,74,159,186,0.4609
741,237165735,브래드 존스,237,MC (Multi-League Champions),8,112,273,320,0.4604
742,264210385,후이 실바,264,FA (FREE AGENT),9,81,209,245,0.4604
743,207193080,데헤아,207,TT (Top Transfer),11,105,238,279,0.4603
744,827051539,에드윈 반데르사르,827,BDO (Ballon d'Or),8,365,924,1085,0.4599
745,217234642,에두아르 멘디,217,COC (Competitor Of Continents),13,123,280,329,0.4598
746,300255303,E. 카프릴레,300,25 LIVE (25 LIVE),13,70,142,167,0.4595
747,284188943,케빈 트라프,284,RTN (Returnees),8,65,119,140,0.4595
748,508024630,페페 레이나,508,21 PL (21 Premium Live),8,57,119,140,0.4595
749,293234748,구성윤,293,22 KFA (22 KFA),11,58,107,126,0.4592
750,260226753,앙드레 오나나,260,21 UCL (21 UEFA Champions League),8,59,135,159,0.4592
751,300212432,조현우,300,25 LIVE (25 LIVE),8,149,320,377,0.4591
752,216192563,베른트 레노,216,HOT (Heroes Of the Team),8,89,213,251,0.4591
753,293212432,조현우,293,22 KFA (22 KFA),9,181,441,520,0.4589
754,515262621,G. 마마르다슈빌리,515,24 PL (24 Premium Live),8,51,100,118,0.4587
755,300205812,P. 테라차노,300,25 LIVE (25 LIVE),13,51,99,117,0.4583
756,218199987,야스퍼르 실러선,218,OTW (Ones To Watch),8,229,522,617,0.4583
757,201192119,티보 쿠르투아,201,NHD (National Hero Debut),10,54,120,142,0.4580
758,206177683,얀 조머,206,TB (Tournament Best),8,82,190,225,0.4578
759,513203841,닉 포프,513,23 PL (23 Premium Live),8,59,124,147,0.4576
760,300235840,M. 디 그레고리오,300,25 LIVE (25 LIVE),12,289,568,674,0.4573
761,517202811,에미 마르티네스,517,25 PL (25 Premium Live),9,151,396,470,0.4573
762,300240225,M. 사포노프,300,25 LIVE (25 LIVE),11,210,433,514,0.4572
763,260243952,안드리 루닌,260,21 UCL (21 UEFA Champions League),8,132,310,368,0.4572
764,300177683,얀 조머,300,25 LIVE (25 LIVE),8,169,367,436,0.4570
765,268051539,에드윈 반데르사르,268,LN (LEGENDARY NUMBERS),9,99,243,289,0.4568
766,300204513,맥심 듀페,300,25 LIVE (25 LIVE),13,79,153,182,0.4567
767,515192448,M. 테어슈테겐,515,24 PL (24 Premium Live),8,52,125,149,0.4562
768,206212831,알리송,206,TB (Tournament Best),11,398,865,1034,0.4555
769,324024630,페페 레이나,324,24 LIVE (24 LIVE),13,787,1718,2054,0.4555
770,206192119,티보 쿠르투아,206,TB (Tournament Best),10,53,137,164,0.4551
771,207212831,알리송,207,TT (Top Transfer),9,69,142,170,0.4551
772,251024630,페페 레이나,251,EBS (European Best Stars),8,85,177,212,0.4550
773,210230621,잔루이지 돈나룸마,210,GR (Golden Rookies),11,110,242,290,0.4549
774,206024630,페페 레이나,206,TB (Tournament Best),8,802,1786,2143,0.4546
775,246211990,O. 블라호디모스,246,UP (Unsung Players),9,75,169,203,0.4543
776,517246657,알바로 바예스,517,25 PL (25 Premium Live),8,67,133,160,0.4539
777,207193080,데헤아,207,TT (Top Transfer),10,54,118,142,0.4538
778,242192119,티보 쿠르투아,242,20 UCL (20 UEFA Champions League),8,609,1408,1695,0.4538
779,283186569,스벤 울라이히,283,HG (Home Grown),10,67,152,183,0.4537
780,214212831,알리송,214,TC (Tournament Champions),13,250,559,675,0.4530
781,207051539,에드윈 반데르사르,207,TT (Top Transfer),9,327,746,902,0.4527
782,300212432,조현우,300,25 LIVE (25 LIVE),9,102,233,282,0.4524
783,300193080,데헤아,300,25 LIVE (25 LIVE),8,58,142,172,0.4522
784,206212831,알리송,206,TB (Tournament Best),9,98,234,285,0.4509
785,300235840,M. 디 그레고리오,300,25 LIVE (25 LIVE),11,369,799,974,0.4506
786,231176550,다비드 오스피나,231,VTR (Veteran),8,95,197,242,0.4487
787,512191924,이범영,512,23KLeague (23KLeague),13,91,192,236,0.4486
788,284001179,잔루이지 부폰,284,RTN (Returnees),10,111,221,272,0.4483
789,300193105,알퐁스 아레올라,300,25 LIVE (25 LIVE),8,455,1030,1268,0.4482
790,225203004,양한빈,225,TKL (TEAM K LEAGUE),12,63,121,149,0.4481
791,246186569,스벤 울라이히,246,UP (Unsung Players),9,86,192,237,0.4476
792,300192119,티보 쿠르투아,300,25 LIVE (25 LIVE),9,166,358,442,0.4475
793,300212432,조현우,300,25 LIVE (25 LIVE),12,103,238,294,0.4474
794,517209981,야신 부누,517,25 PL (25 Premium Live),8,143,288,357,0.4465
795,300259532,주안 가르시아,300,25 LIVE (25 LIVE),11,69,153,191,0.4448
796,201193080,데헤아,201,NHD (National Hero Debut),13,121,248,310,0.4444
797,234150724,조 하트,234,LH (Loyal Heroes),8,152,360,450,0.4444
798,300185122,페테르 굴라치,300,25 LIVE (25 LIVE),8,52,123,154,0.4440
799,217206003,이봉 음보고,217,COC (Competitor Of Continents),12,65,115,144,0.4440
800,300202811,에미 마르티네스,300,25 LIVE (25 LIVE),8,110,261,327,0.4439
801,300210257,에데르송,300,25 LIVE (25 LIVE),8,614,1290,1617,0.4438
802,300276570,우구 소자,300,25 LIVE (25 LIVE),13,77,197,247,0.4437
803,284001179,잔루이지 부폰,284,RTN (Returnees),9,100,236,296,0.4436
804,201192119,티보 쿠르투아,201,NHD (National Hero Debut),11,236,515,648,0.4428
805,300199987,야스퍼르 실러선,300,25 LIVE (25 LIVE),8,219,523,661,0.4417
806,517225116,알렉스 메레트,517,25 PL (25 Premium Live),8,199,394,498,0.4417
807,300226753,앙드레 오나나,300,25 LIVE (25 LIVE),8,358,796,1009,0.4410
808,300270821,M. 펜더스,300,25 LIVE (25 LIVE),13,57,138,175,0.4409
809,252162835,사미르 한다노비치,252,CAP (Captain),10,86,201,255,0.4408
810,300186569,스벤 울라이히,300,25 LIVE (25 LIVE),13,152,298,379,0.4402
811,300191655,김승규,300,25 LIVE (25 LIVE),9,67,161,205,0.4399
812,513226753,앙드레 오나나,513,23 PL (23 Premium Live),8,65,157,200,0.4398
813,225203004,양한빈,225,TKL (TEAM K LEAGUE),13,56,113,144,0.4397
814,300263063,J. 트래포드,300,25 LIVE (25 LIVE),13,114,244,311,0.4396
815,260186569,스벤 울라이히,260,21 UCL (21 UEFA Champions League),8,84,171,218,0.4396
816,300186153,보이치에흐 슈체스니,300,25 LIVE (25 LIVE),8,353,714,911,0.4394
817,300191655,김승규,300,25 LIVE (25 LIVE),13,620,1286,1641,0.4394
818,300243952,안드리 루닌,300,25 LIVE (25 LIVE),8,396,865,1105,0.4391
819,300191655,김승규,300,25 LIVE (25 LIVE),8,127,282,361,0.4386
820,300200159,S. 오르테가,300,25 LIVE (25 LIVE),13,120,235,301,0.4384
821,207190053,페터 슈마이켈,207,TT (Top Transfer),13,129,270,346,0.4383
822,517254803,S. 라먼스,517,25 PL (25 Premium Live),8,662,1411,1809,0.4382
823,300240225,M. 사포노프,300,25 LIVE (25 LIVE),12,58,125,161,0.4371
824,253167495,마누엘 노이어,253,BOE21 (Best of Europe 21),9,105,227,293,0.4365
825,300192119,티보 쿠르투아,300,25 LIVE (25 LIVE),8,3563,7595,9808,0.4364
826,300235840,M. 디 그레고리오,300,25 LIVE (25 LIVE),8,618,1306,1687,0.4364
827,300238570,송범근,300,25 LIVE (25 LIVE),13,504,1038,1341,0.4363
828,300238570,송범근,300,25 LIVE (25 LIVE),9,61,130,168,0.4362
829,300167495,마누엘 노이어,300,25 LIVE (25 LIVE),8,1108,2445,3163,0.4360
830,206230621,잔루이지 돈나룸마,206,TB (Tournament Best),8,384,811,1050,0.4358
831,201051539,에드윈 반데르사르,201,NHD (National Hero Debut),8,571,1253,1623,0.4357
832,300073562,벤투 ,300,25 LIVE (25 LIVE),13,112,206,267,0.4355
833,300228789,로베르트 산체스,300,25 LIVE (25 LIVE),8,178,368,477,0.4355
834,300212432,조현우,300,25 LIVE (25 LIVE),11,135,283,367,0.4354
835,300192563,베른트 레노,300,25 LIVE (25 LIVE),9,57,114,148,0.4351
836,201192119,티보 쿠르투아,201,NHD (National Hero Debut),12,154,337,438,0.4348
837,206203841,닉 포프,206,TB (Tournament Best),8,57,148,193,0.4340
838,300240225,M. 사포노프,300,25 LIVE (25 LIVE),10,121,232,303,0.4336
839,511194404,네투,511,22 PL (22 Premium Live),8,50,114,149,0.4335
840,253168435,살바토레 시리구,253,BOE21 (Best of Europe 21),13,172,423,554,0.4330
841,323186153,보이치에흐 슈체스니,323,23 LIVE (23 LIVE),8,217,446,585,0.4326
842,300263887,J. 우르비히,300,25 LIVE (25 LIVE),13,187,380,500,0.4318
843,300258885,루이스 주니오르,300,25 LIVE (25 LIVE),13,190,392,516,0.4317
844,251186153,보이치에흐 슈체스니,251,EBS (European Best Stars),12,322,619,815,0.4317
845,300238186,마르친 부우카,300,25 LIVE (25 LIVE),13,389,849,1120,0.4312
846,214048940,페트르 체흐,214,TC (Tournament Champions),11,58,119,157,0.4312
847,300212432,조현우,300,25 LIVE (25 LIVE),13,383,773,1020,0.4311
848,251186153,보이치에흐 슈체스니,251,EBS (European Best Stars),11,796,1588,2096,0.4311
849,206203042,잭 버틀런드,206,TB (Tournament Best),11,144,259,342,0.4309
850,300223885,알렉산더 뉘벨,300,25 LIVE (25 LIVE),8,90,180,238,0.4306
851,300234642,에두아르 멘디,300,25 LIVE (25 LIVE),8,60,123,163,0.4301
852,300228789,로베르트 산체스,300,25 LIVE (25 LIVE),11,66,123,163,0.4301
853,300259532,주안 가르시아,300,25 LIVE (25 LIVE),8,83,166,220,0.4301
854,300193105,알퐁스 아레올라,300,25 LIVE (25 LIVE),9,162,368,488,0.4299
855,300262621,G. 마마르다슈빌리,300,25 LIVE (25 LIVE),8,295,652,865,0.4298
856,300203841,닉 포프,300,25 LIVE (25 LIVE),8,388,874,1166,0.4284
857,201001179,잔루이지 부폰,201,NHD (National Hero Debut),13,112,256,342,0.4281
858,300228789,로베르트 산체스,300,25 LIVE (25 LIVE),12,88,196,262,0.4279
859,206212831,알리송,206,TB (Tournament Best),8,119,264,353,0.4279
860,300233934,에런 램즈데일,300,25 LIVE (25 LIVE),13,79,180,242,0.4265
861,511228789,로베르트 산체스,511,22 PL (22 Premium Live),8,138,260,351,0.4255
862,300252154,M. 카르네세키,300,25 LIVE (25 LIVE),11,242,454,613,0.4255
863,300259532,주안 가르시아,300,25 LIVE (25 LIVE),12,111,219,296,0.4252
864,300235840,M. 디 그레고리오,300,25 LIVE (25 LIVE),13,154,300,406,0.4249
865,206215316,헤로니모 룰리,206,TB (Tournament Best),8,84,168,228,0.4242
866,237212831,알리송,237,MC (Multi-League Champions),9,112,234,319,0.4231
867,319005479,카시야스,319,19 LIVE (19 LIVE),8,444,958,1311,0.4222
868,300215698,마이크 메냥,300,25 LIVE (25 LIVE),8,701,1454,1999,0.4211
869,206048940,페트르 체흐,206,TB (Tournament Best),12,106,243,335,0.4204
870,206192448,M. 테어슈테겐,206,TB (Tournament Best),8,61,120,166,0.4196
871,300205186,파울로 가사니가,300,25 LIVE (25 LIVE),13,56,128,178,0.4183
872,300240796,마누엘 로포,300,25 LIVE (25 LIVE),13,63,102,142,0.4180
873,300238570,송범근,300,25 LIVE (25 LIVE),8,156,315,439,0.4178
874,234001179,잔루이지 부폰,234,LH (Loyal Heroes),8,75,169,236,0.4173
875,300206585,케파,300,25 LIVE (25 LIVE),8,322,621,872,0.4159
876,251186153,보이치에흐 슈체스니,251,EBS (European Best Stars),8,464,932,1314,0.4150
877,300204935,조던 픽포드,300,25 LIVE (25 LIVE),8,50,100,141,0.4149
878,300219836,루벤 야네스 ,300,25 LIVE (25 LIVE),13,55,106,150,0.4141
879,206203841,닉 포프,206,TB (Tournament Best),11,98,191,272,0.4125
880,300243830,말리송,300,25 LIVE (25 LIVE),13,80,174,248,0.4123
881,324024630,페페 레이나,324,24 LIVE (24 LIVE),12,212,399,569,0.4122
882,300238186,마르친 부우카,300,25 LIVE (25 LIVE),12,54,96,137,0.4120
883,300230621,잔루이지 돈나룸마,300,25 LIVE (25 LIVE),8,736,1528,2182,0.4119
884,300240225,M. 사포노프,300,25 LIVE (25 LIVE),8,157,313,448,0.4113
885,251186153,보이치에흐 슈체스니,251,EBS (European Best Stars),9,181,351,509,0.4081
886,300254803,S. 라먼스,300,25 LIVE (25 LIVE),8,108,223,326,0.4062
887,300225116,알렉스 메레트,300,25 LIVE (25 LIVE),13,50,108,158,0.4060
888,518252658,백종범,518,26KLeague (26KLeague),8,58,123,180,0.4059
889,300240091,G. 비카리오,300,25 LIVE (25 LIVE),8,68,123,180,0.4059
890,257204725,이범수,257,21KB (21 K-League Best),11,65,131,192,0.4056
891,217203042,잭 버틀런드,217,COC (Competitor Of Continents),11,65,125,184,0.4045
892,501230621,잔루이지 돈나룸마,501,18 PLS (18 Premium Live Spring),8,195,384,567,0.4038
893,300194404,네투,300,25 LIVE (25 LIVE),8,205,396,588,0.4024
894,300262621,G. 마마르다슈빌리,300,25 LIVE (25 LIVE),9,52,79,119,0.3990
895,206048940,페트르 체흐,206,TB (Tournament Best),8,89,184,278,0.3983
896,206173373,세르히오 로메로,206,TB (Tournament Best),12,138,257,391,0.3966
897,300263887,J. 우르비히,300,25 LIVE (25 LIVE),10,58,118,180,0.3960
898,300238570,송범근,300,25 LIVE (25 LIVE),11,174,328,507,0.3928
899,300206075,샘 존스톤,300,25 LIVE (25 LIVE),8,73,145,225,0.3919
900,207193080,데헤아,207,TT (Top Transfer),9,69,128,200,0.3902
901,300251752,뤼카 슈발리에,300,25 LIVE (25 LIVE),11,66,128,206,0.3832
